Workbook

Sheet OEE overzicht
B2: Bronnen:
B3: Toegevoegde waarde per uur: | C3: Eurostat Structural Business Statistics (SBS) & Eurostat – NACE Rev.2 (2022&2023)
B4: OEE getallen per sector: | C4: De OEE-besparingspercentages zijn gebaseerd op TPM-literatuur (Nakajima), internationale consultancybenchmarks (McKinsey, BCG), geaggregeerde OEE-softwaredata en peer-reviewed manufacturing studies, en worden daarom als realistische bandbreedtes gepresenteerd.
C5: De overstap van geen OEE naar lokale OEE levert circa 60% van de totale haalbare winst, terwijl de upgrade naar moderne, gekoppelde OEE de resterende 40% ontsluit.
C6: In TPM-literatuur wordt aangegeven dat ongeveer 1/3 van het potentieel wordt gerealiseerd in de “measurement-only phase”. - Nakajima, Introduction to TPM, Productivity Press
C7: OEE manufacturing analytics Gebruikt door o.a. McKinsey, BCG, Siemens, Rockwell
X8: Toegevoegde waarde verhoging binnen 1-3 jaar per lijn
F9: OEE Verhoging van niets naar T4A/P4A binnen 1-3 jaar | J9: Toegevoegde waarde per uur van niets naar T4A/P4A binnen 1-3 jaar | O9: OEE Verhoging upgrade naar T4A/P4A binnen 1-3 jaar | R9: Toegevoegde waarde per uur upgrade naar T4A/P4A binnen 1-3 jaar | X9: Veschillende ploegen regimes
X10: 1 ploeg | Z10: 2 ploegen | AB10: 3 ploegen | AD10: 4 ploegen | AF10: 5 ploegen
A11: Verdiensten per lijn | B11: Sectoren | C11: Toegevoegd waarde per uur | D11: Typische OEE start | F11: Beschikbaarheid | G11: Performance | H11: Kwaliteit | I11: Totaal % | J11: Beschikbaarheid | K11: Performance | L11: Kwaliteit | M11: Totaal | O11: Beschikbaarheid | P11: Performance | Q11: Kwaliteit | R11: Beschikbaarheid | S11: Performance | T11: Kwaliteit | U11: Totaal | W11: Sector | X11: T4A/P4A | Y11: Blue-T4A | Z11: T4A/P4A | AA11: Blue-T4A | AB11: T4A/P4A | AC11: Blue-T4A | AD11: T4A/P4A | AE11: Blue-T4A | AF11: T4A/P4A | AG11: Blue-T4A
B12: Farmaseutisch | C12: 160 | D12: 0.65 | F12: 0.045 | G12: 0.035 | H12: 0.02 | I12: =SUM(F12:H12) -> 0.1 | J12: 6.4 | K12: 4.8 | L12: 4.8 | M12: =SUM(J12:L12) -> 16 | O12: 0.02 | P12: 0.025 | Q12: 0.016 | R12: 2.9 | S12: 3.4 | T12: 3.8 | U12: =SUM(R12:T12) -> 10.1 | W12: Farmaseutisch | X12: =M12*$C$28 -> 32000 | Y12: =U12*$C$28 -> 20200 | Z12: =M12*$C$29 -> 64000 | AA12: =U12*$C$29 -> 40400 | AB12: =M12*$C$30 -> 96000 | AC12: =U12*$C$30 -> 60600 | AD12: =M12*$C$31 -> 128000 | AE12: =U12*$C$31 -> 80800 | AF12: =M12*$C$32 -> 140160 | AG12: =U12*$C$32 -> 88476
B13: Food | C13: 45 | D13: 0.55 | F13: 0.056 | G13: 0.033 | H13: 0.025 | I13: =SUM(F13:H13) -> 0.114 | J13: 2.7 | K13: 1.9 | L13: 1 | M13: =SUM(J13:L13) -> 5.6 | O13: 0.025 | P13: 0.031 | Q13: 0.02 | R13: 1.2 | S13: 1.3 | T13: 0.8 | U13: =SUM(R13:T13) -> 3.3 | W13: Food | X13: =M13*$C$28 -> 11200 | Y13: =U13*$C$28 -> 6600 | Z13: =M13*$C$29 -> 22400 | AA13: =U13*$C$29 -> 13200 | AB13: =M13*$C$30 -> 33600 | AC13: =U13*$C$30 -> 19800 | AD13: =M13*$C$31 -> 44800 | AE13: =U13*$C$31 -> 26400 | AF13: =M13*$C$32 -> 49056 | AG13: =U13*$C$32 -> 28908
B14: Bottlers | C14: 70 | D14: 0.6 | F14: 0.079 | G14: 0.061 | H14: 0.035 | I14: =SUM(F14:H14) -> 0.175 | J14: 5.6 | K14: 4.2 | L14: 2.5 | M14: =SUM(J14:L14) -> 12.3 | O14: 0.036 | P14: 0.043 | Q14: 0.028 | R14: 2.5 | S14: 2.9 | T14: 2 | U14: =SUM(R14:T14) -> 7.4 | W14: Bottlers | X14: =M14*$C$28 -> 24600 | Y14: =U14*$C$28 -> 14800 | Z14: =M14*$C$29 -> 49200 | AA14: =U14*$C$29 -> 29600 | AB14: =M14*$C$30 -> 73800 | AC14: =U14*$C$30 -> 44400 | AD14: =M14*$C$31 -> 98400 | AE14: =U14*$C$31 -> 59200 | AF14: =M14*$C$32 -> 107748 | AG14: =U14*$C$32 -> 64824
B15: Textiel | C15: 35 | D15: 0.6 | F15: 0.051 | G15: 0.044 | H15: 0.025 | I15: =SUM(F15:H15) -> 0.12 | J15: 1.8 | K15: 1.6 | L15: 1 | M15: =SUM(J15:L15) -> 4.4 | O15: 0.023 | P15: 0.031 | Q15: 0.02 | R15: 0.8 | S15: 1.1 | T15: 0.8 | U15: =SUM(R15:T15) -> 2.7 | W15: Textiel | X15: =M15*$C$28 -> 8800 | Y15: =U15*$C$28 -> 5400 | Z15: =M15*$C$29 -> 17600 | AA15: =U15*$C$29 -> 10800 | AB15: =M15*$C$30 -> 26400 | AC15: =U15*$C$30 -> 16200 | AD15: =M15*$C$31 -> 35200 | AE15: =U15*$C$31 -> 21600 | AF15: =M15*$C$32 -> 38544 | AG15: =U15*$C$32 -> 23652
B16: Hout | C16: 40 | D16: 0.6 | F16: 0.068 | G16: 0.053 | H16: 0.04 | I16: =SUM(F16:H16) -> 0.161 | J16: 2.4 | K16: 2 | L16: 1.6 | M16: =SUM(J16:L16) -> 6 | O16: 0.031 | P16: 0.037 | Q16: 0.032 | R16: 1.1 | S16: 1.4 | T16: 1.3 | U16: =SUM(R16:T16) -> 3.8 | W16: Hout | X16: =M16*$C$28 -> 12000 | Y16: =U16*$C$28 -> 7600 | Z16: =M16*$C$29 -> 24000 | AA16: =U16*$C$29 -> 15200 | AB16: =M16*$C$30 -> 36000 | AC16: =U16*$C$30 -> 22800 | AD16: =M16*$C$31 -> 48000 | AE16: =U16*$C$31 -> 30400 | AF16: =M16*$C$32 -> 52560 | AG16: =U16*$C$32 -> 33288
B17: Papier | C17: 80 | D17: 0.7 | F17: 0.05 | G17: 0.038 | H17: 0.038 | I17: =SUM(F17:H17) -> 0.126 | J17: =$C17*F17 -> 4 | K17: 3 | L17: 3 | M17: =SUM(J17:L17) -> 10 | O17: 0.023 | P17: 0.026 | Q17: 0.03 | R17: 1.8 | S17: 2.1 | T17: =$C17*Q17 -> 2.4 | U17: =SUM(R17:T17) -> 6.3 | W17: Papier | X17: =M17*$C$28 -> 20000 | Y17: =U17*$C$28 -> 12600 | Z17: =M17*$C$29 -> 40000 | AA17: =U17*$C$29 -> 25200 | AB17: =M17*$C$30 -> 60000 | AC17: =U17*$C$30 -> 37800 | AD17: =M17*$C$31 -> 80000 | AE17: =U17*$C$31 -> 50400 | AF17: =M17*$C$32 -> 87600 | AG17: =U17*$C$32 -> 55188
B18: Chemie | C18: 110 | D18: 0.7 | F18: 0.041 | G18: 0.027 | H18: 0.023 | I18: =SUM(F18:H18) -> 0.091 | J18: 5 | K18: 3.3 | L18: 2.7 | M18: =SUM(J18:L18) -> 11 | O18: 0.018 | P18: 0.019 | Q18: 0.018 | R18: 2.3 | S18: 2.3 | T18: 2.2 | U18: =SUM(R18:T18) -> 6.8 | W18: Chemie | X18: =M18*$C$28 -> 22000 | Y18: =U18*$C$28 -> 13600 | Z18: =M18*$C$29 -> 44000 | AA18: =U18*$C$29 -> 27200 | AB18: =M18*$C$30 -> 66000 | AC18: =U18*$C$30 -> 40800 | AD18: =M18*$C$31 -> 88000 | AE18: =U18*$C$31 -> 54400 | AF18: =M18*$C$32 -> 96360 | AG18: =U18*$C$32 -> 59568
B19: Kunststof | C19: 70 | D19: 0.6 | F19: 0.06 | G19: 0.045 | H19: 0.045 | I19: =SUM(F19:H19) -> 0.15 | J19: =$C19*F19 -> 4.2 | K19: 3.2 | L19: 3.1 | M19: =SUM(J19:L19) -> 10.5 | O19: 0.027 | P19: 0.032 | Q19: 0.036 | R19: 1.9 | S19: 2.2 | T19: 2.5 | U19: =SUM(R19:T19) -> 6.6 | W19: Kunststof | X19: =M19*$C$28 -> 21000 | Y19: =U19*$C$28 -> 13200 | Z19: =M19*$C$29 -> 42000 | AA19: =U19*$C$29 -> 26400 | AB19: =M19*$C$30 -> 63000 | AC19: =U19*$C$30 -> 39600 | AD19: =M19*$C$31 -> 84000 | AE19: =U19*$C$31 -> 52800 | AF19: =M19*$C$32 -> 91980 | AG19: =U19*$C$32 -> 57816
B20: Metaal | C20: 75 | D20: 0.6 | F20: 0.088 | G20: 0.07 | H20: 0.018 | I20: =SUM(F20:H20) -> 0.176 | J20: =$C20*F20 -> 6.6 | K20: 5.3 | L20: 1.2 | M20: =SUM(J20:L20) -> 13.1 | O20: 0.04 | P20: 0.049 | Q20: 0.014 | R20: =C20*O20 -> 3 | S20: 3.7 | T20: 1 | U20: =SUM(R20:T20) -> 7.7 | W20: Metaal | X20: =M20*$C$28 -> 26200 | Y20: =U20*$C$28 -> 15400 | Z20: =M20*$C$29 -> 52400 | AA20: =U20*$C$29 -> 30800 | AB20: =M20*$C$30 -> 78600 | AC20: =U20*$C$30 -> 46200 | AD20: =M20*$C$31 -> 104800 | AE20: =U20*$C$31 -> 61600 | AF20: =M20*$C$32 -> 114756 | AG20: =U20*$C$32 -> 67452
B21: Machine bouw | C21: 85 | D21: 0.55 | F21: 0.1 | G21: 0.091 | H21: 0.034 | I21: =SUM(F21:H21) -> 0.225 | J21: =$C21*F21 -> 8.5 | K21: 7.7 | L21: 2.9 | M21: =SUM(J21:L21) -> 19.1 | O21: 0.045 | P21: 0.064 | Q21: 0.027 | R21: 3.8 | S21: 5.4 | T21: =$C21*Q21 -> 2.295 | U21: =SUM(R21:T21) -> 11.495 | W21: Machine bouw | X21: =M21*$C$28 -> 38200 | Y21: =U21*$C$28 -> 22990 | Z21: =M21*$C$29 -> 76400 | AA21: =U21*$C$29 -> 45980 | AB21: =M21*$C$30 -> 114600 | AC21: =U21*$C$30 -> 68970 | AD21: =M21*$C$31 -> 152800 | AE21: =U21*$C$31 -> 91960 | AF21: =M21*$C$32 -> 167316 | AG21: =U21*$C$32 -> 100696.2
B22: Auto en transport | C22: 90 | D22: 0.7 | F22: 0.06 | G22: 0.045 | H22: 0.045 | I22: =SUM(F22:H22) -> 0.15 | J22: =$C22*F22 -> 5.4 | K22: 4.1 | L22: 4 | M22: =SUM(J22:L22) -> 13.5 | O22: 0.027 | P22: 0.032 | Q22: 0.036 | R22: 2.4 | S22: 2.9 | T22: 3.2 | U22: =SUM(R22:T22) -> 8.5 | W22: Auto en transport | X22: =M22*$C$28 -> 27000 | Y22: =U22*$C$28 -> 17000 | Z22: =M22*$C$29 -> 54000 | AA22: =U22*$C$29 -> 34000 | AB22: =M22*$C$30 -> 81000 | AC22: =U22*$C$30 -> 51000 | AD22: =M22*$C$31 -> 108000 | AE22: =U22*$C$31 -> 68000 | AF22: =M22*$C$32 -> 118260 | AG22: =U22*$C$32 -> 74460
B23: Electronica | C23: 95 | D23: 0.6 | F23: 0.08 | G23: 0.074 | H23: 0.046 | I23: =SUM(F23:H23) -> 0.2 | J23: =$C23*F23 -> 7.6 | K23: 7.1 | L23: 4.3 | M23: =SUM(J23:L23) -> 19 | O23: 0.036 | P23: 0.052 | Q23: 0.037 | R23: 3.4 | S23: 5 | T23: 3.4 | U23: =SUM(R23:T23) -> 11.8 | W23: Electronica | X23: =M23*$C$28 -> 38000 | Y23: =U23*$C$28 -> 23600 | Z23: =M23*$C$29 -> 76000 | AA23: =U23*$C$29 -> 47200 | AB23: =M23*$C$30 -> 114000 | AC23: =U23*$C$30 -> 70800 | AD23: =M23*$C$31 -> 152000 | AE23: =U23*$C$31 -> 94400 | AF23: =M23*$C$32 -> 166440 | AG23: =U23*$C$32 -> 103368
B24: Olie en rafinaderij | C24: 250 | D24: 0.8 | F24: 0.03 | G24: 0.015 | H24: 0.005 | I24: =SUM(F24:H24) -> 0.05 | J24: =$C24*F24 -> 7.5 | K24: 3.8 | L24: 1.3 | M24: =SUM(J24:L24) -> 12.6 | O24: 0.014 | P24: 0.011 | Q24: 0.004 | R24: 3.4 | S24: 2.7 | T24: 1 | U24: =SUM(R24:T24) -> 7.1 | W24: Olie en rafinaderij | X24: =M24*$C$28 -> 25200 | Y24: =U24*$C$28 -> 14200 | Z24: =M24*$C$29 -> 50400 | AA24: =U24*$C$29 -> 28400 | AB24: =M24*$C$30 -> 75600 | AC24: =U24*$C$30 -> 42600 | AD24: =M24*$C$31 -> 100800 | AE24: =U24*$C$31 -> 56800 | AF24: =M24*$C$32 -> 110376 | AG24: =U24*$C$32 -> 62196
B26: Rekentabel
B27: Ploegen | C27: Aantal werkbare uren | W27: Definitie van een lijn
B28: 1 | C28: 2000
B29: 2 | C29: 4000 | W29: Met Rob van dutch backery over sparren
B30: 3 | C30: 6000
B31: 4 | C31: 8000
B32: 5 | C32: 8760

Sheet Blad3
C4: Toegevoegde waarde verhoging binnen 1-3 jaar per lijn
C5: Veschillende ploegen regimes
C6: 1 ploeg | E6: 2 ploegen | G6: 3 ploegen | I6: 4 ploegen | K6: 5 ploegen
B7: Sector | C7: T4A/P4A | D7: Blue-T4A | E7: T4A/P4A | F7: Blue-T4A | G7: T4A/P4A | H7: Blue-T4A | I7: T4A/P4A | J7: Blue-T4A | K7: T4A/P4A | L7: Blue-T4A
B8: Farmaseutisch | C8: ='OEE overzicht'!X12 -> 32000 | D8: ='OEE overzicht'!Y12 -> 20200 | E8: ='OEE overzicht'!Z12 -> 64000 | F8: ='OEE overzicht'!AA12 -> 40400 | G8: ='OEE overzicht'!AB12 -> 96000 | H8: ='OEE overzicht'!AC12 -> 60600 | I8: ='OEE overzicht'!AD12 -> 128000 | J8: ='OEE overzicht'!AE12 -> 80800 | ... L8: ='OEE overzicht'!AG12 -> 88476
B9: Food | C9: ='OEE overzicht'!X13 -> 11200 | D9: ='OEE overzicht'!Y13 -> 6600 | E9: ='OEE overzicht'!Z13 -> 22400 | F9: ='OEE overzicht'!AA13 -> 13200 | G9: ='OEE overzicht'!AB13 -> 33600 | H9: ='OEE overzicht'!AC13 -> 19800 | I9: ='OEE overzicht'!AD13 -> 44800 | J9: ='OEE overzicht'!AE13 -> 26400 | ... L9: ='OEE overzicht'!AG13 -> 28908
B10: Bottlers | C10: ='OEE overzicht'!X14 -> 24600 | D10: ='OEE overzicht'!Y14 -> 14800 | E10: ='OEE overzicht'!Z14 -> 49200 | F10: ='OEE overzicht'!AA14 -> 29600 | G10: ='OEE overzicht'!AB14 -> 73800 | H10: ='OEE overzicht'!AC14 -> 44400 | I10: ='OEE overzicht'!AD14 -> 98400 | J10: ='OEE overzicht'!AE14 -> 59200 | ... L10: ='OEE overzicht'!AG14 -> 64824
B11: Textiel | C11: ='OEE overzicht'!X15 -> 8800 | D11: ='OEE overzicht'!Y15 -> 5400 | E11: ='OEE overzicht'!Z15 -> 17600 | F11: ='OEE overzicht'!AA15 -> 10800 | G11: ='OEE overzicht'!AB15 -> 26400 | H11: ='OEE overzicht'!AC15 -> 16200 | I11: ='OEE overzicht'!AD15 -> 35200 | J11: ='OEE overzicht'!AE15 -> 21600 | ... L11: ='OEE overzicht'!AG15 -> 23652
B12: Hout | C12: ='OEE overzicht'!X16 -> 12000 | D12: ='OEE overzicht'!Y16 -> 7600 | E12: ='OEE overzicht'!Z16 -> 24000 | F12: ='OEE overzicht'!AA16 -> 15200 | G12: ='OEE overzicht'!AB16 -> 36000 | H12: ='OEE overzicht'!AC16 -> 22800 | I12: ='OEE overzicht'!AD16 -> 48000 | J12: ='OEE overzicht'!AE16 -> 30400 | ... L12: ='OEE overzicht'!AG16 -> 33288
B13: Papier | C13: ='OEE overzicht'!X17 -> 20000 | D13: ='OEE overzicht'!Y17 -> 12600 | E13: ='OEE overzicht'!Z17 -> 40000 | F13: ='OEE overzicht'!AA17 -> 25200 | G13: ='OEE overzicht'!AB17 -> 60000 | H13: ='OEE overzicht'!AC17 -> 37800 | I13: ='OEE overzicht'!AD17 -> 80000 | J13: ='OEE overzicht'!AE17 -> 50400 | ... L13: ='OEE overzicht'!AG17 -> 55188
B14: Chemie | C14: ='OEE overzicht'!X18 -> 22000 | D14: ='OEE overzicht'!Y18 -> 13600 | E14: ='OEE overzicht'!Z18 -> 44000 | F14: ='OEE overzicht'!AA18 -> 27200 | G14: ='OEE overzicht'!AB18 -> 66000 | H14: ='OEE overzicht'!AC18 -> 40800 | I14: ='OEE overzicht'!AD18 -> 88000 | J14: ='OEE overzicht'!AE18 -> 54400 | ... L14: ='OEE overzicht'!AG18 -> 59568
B15: Kunststof | C15: ='OEE overzicht'!X19 -> 21000 | D15: ='OEE overzicht'!Y19 -> 13200 | E15: ='OEE overzicht'!Z19 -> 42000 | F15: ='OEE overzicht'!AA19 -> 26400 | G15: ='OEE overzicht'!AB19 -> 63000 | H15: ='OEE overzicht'!AC19 -> 39600 | I15: ='OEE overzicht'!AD19 -> 84000 | J15: ='OEE overzicht'!AE19 -> 52800 | ... L15: ='OEE overzicht'!AG19 -> 57816
B16: Metaal | C16: ='OEE overzicht'!X20 -> 26200 | D16: ='OEE overzicht'!Y20 -> 15400 | E16: ='OEE overzicht'!Z20 -> 52400 | F16: ='OEE overzicht'!AA20 -> 30800 | G16: ='OEE overzicht'!AB20 -> 78600 | H16: ='OEE overzicht'!AC20 -> 46200 | I16: ='OEE overzicht'!AD20 -> 104800 | J16: ='OEE overzicht'!AE20 -> 61600 | ... L16: ='OEE overzicht'!AG20 -> 67452
B17: Machine bouw | C17: ='OEE overzicht'!X21 -> 38200 | D17: ='OEE overzicht'!Y21 -> 22990 | E17: ='OEE overzicht'!Z21 -> 76400 | F17: ='OEE overzicht'!AA21 -> 45980 | G17: ='OEE overzicht'!AB21 -> 114600 | H17: ='OEE overzicht'!AC21 -> 68970 | I17: ='OEE overzicht'!AD21 -> 152800 | J17: ='OEE overzicht'!AE21 -> 91960 | ... L17: ='OEE overzicht'!AG21 -> 100696.2
B18: Auto en transport | C18: ='OEE overzicht'!X22 -> 27000 | D18: ='OEE overzicht'!Y22 -> 17000 | E18: ='OEE overzicht'!Z22 -> 54000 | F18: ='OEE overzicht'!AA22 -> 34000 | G18: ='OEE overzicht'!AB22 -> 81000 | H18: ='OEE overzicht'!AC22 -> 51000 | I18: ='OEE overzicht'!AD22 -> 108000 | J18: ='OEE overzicht'!AE22 -> 68000 | ... L18: ='OEE overzicht'!AG22 -> 74460
B19: Electronica | C19: ='OEE overzicht'!X23 -> 38000 | D19: ='OEE overzicht'!Y23 -> 23600 | E19: ='OEE overzicht'!Z23 -> 76000 | F19: ='OEE overzicht'!AA23 -> 47200 | G19: ='OEE overzicht'!AB23 -> 114000 | H19: ='OEE overzicht'!AC23 -> 70800 | I19: ='OEE overzicht'!AD23 -> 152000 | J19: ='OEE overzicht'!AE23 -> 94400 | ... L19: ='OEE overzicht'!AG23 -> 103368
B20: Olie en rafinaderij | C20: ='OEE overzicht'!X24 -> 25200 | D20: ='OEE overzicht'!Y24 -> 14200 | E20: ='OEE overzicht'!Z24 -> 50400 | F20: ='OEE overzicht'!AA24 -> 28400 | G20: ='OEE overzicht'!AB24 -> 75600 | H20: ='OEE overzicht'!AC24 -> 42600 | I20: ='OEE overzicht'!AD24 -> 100800 | J20: ='OEE overzicht'!AE24 -> 56800 | ... L20: ='OEE overzicht'!AG24 -> 62196

Sheet OEE categorie checklist
D3: Nee (0) | E3: Gedeeltelijk (1) | F3: Ja (2)
B4: Data & meting | C4: OEE wordt automatisch gemeten
B5: Data & meting | C5: Stilstanden worden realtime vastgelegd
B6: Data & meting | C6: OEE per machine en per lijn
B7: Data & meting | C7: Data is betrouwbaar en reproduceerbaar
B8: Beschikbaarheid | C8: Ongeplande stops woden automatisch gedetecteerd
B9: Beschikbaarheid | C9: Stopcodes zijn gestandaardiseerd
B10: Beschikbaarheid | C10: MTBF en MTTR worden gestructureerd gebruikt
B11: Beschikbaarheid | C11: Onderhoud gebruikt de OEE data actief
B12: Performance | C12: Snelheid tov de number plate capacity wordt gemeten
B13: Performance | C13: Micro stops zijn zichtbaar
B14: Performance | C14: Omsteltijden worden structureel gemeten
B15: Performance | C15: Lijnbalans wordt gestuurd middels OEE
... B27: IT & Schaalbaarheid | C27: Integratie met MES/ERF
E28: Totalen | F28: =SUM(D4:D27)+SUM(E4:E27)+SUM(F4:F27) -> 0
D32: Scores | E32: Categorie | F32: Betekenis
D33: 0-15 | E33: Geen / ad hoc | F33: Nauwelijke effect
D34: 16-25 | E34: Beperkt systeem | F34: 30-40%
D35: 26-35 | E35: Volledig gekoppelde OEE | F35: 70-80%
D36: 36-48 | E36: Predictive / Presciptive | F36: >80%

Sheet Blue vs T4A
